question,answer
What kind of products or services is {company_name} providing?,"The Compute & Networking segment includes our Data Center accelerated computing platforms and AI solutions and software;networking; automotive platforms and autonomous and electric vehicle solutions; Jetson for robotics and other embedded platforms; andDGX Cloud computing services. The Graphics segment includes GeForce GPUs for gaming and PCs, the GeForce NOW game streaming service and relatedinfrastructure, and solutions for gaming platforms; Quadro/NVIDIA RTX GPUs for enterprise workstation graphics; virtual GPU, or vGPU,software for cloud-based visual and virtual computing; automotive platforms for infotainment systems; and Omniverse Enterprisesoftware for building and operating industrial AI and digital twin applications."
Who are the customers of {company_name} or what types of markets are {company_name} operating in?,"We specialize in markets where our computing platforms can provide tremendous acceleration for applications. These platformsincorporate processors, interconnects, software, algorithms, systems, and services to deliver unique value. Our platforms address fourlarge markets where our expertise is critical: Data Center, Gaming, Professional Visualization, and Automotive."
Who are the competitors of {company_name}?,"suppliers and licensors of hardware and software for discrete and integrated GPUs, custom chips and other acceleratedcomputing solutions; computing functionality as part of their internal solutions or platforms; suppliers of Arm-based CPUs and companies that incorporate hardware and software for CPUs as part of their internalsolutions or platforms; suppliers of hardware and software for SoC products that are used in servers or embedded into automobiles, autonomousmachines, and gaming devices; networking products consisting of switches, network adapters (including DPUs), and cable solutions (including optical modules). including Advanced Micro Devices, Inc., or AMD, Huawei TechnologiesCo. Ltd., or Huawei, and Intel Corporation, or Intel, Alibaba Group, Alphabet Inc., Amazon, Inc., orAmazon, Baidu, Inc., Huawei, and Microsoft Corporation, or Microsoft, Cisco Systems, Inc., Hewlett Packard Enterprise Company etc."
What are the risk factors and uncertainties that could affect the {company_name}'s future performance?,"Long manufacturing lead times and uncertain supply and component availability, combined with a failure to estimate customerdemand accurately has led and could lead to mismatches between supply and demand. Dependency on third-party suppliers and their technology to manufacture, assemble, test, or package our products reduces ourcontrol over product quantity and quality, manufacturing yields, and product delivery schedules and could harm our business. A significant amount of our revenue stems from a limited number of partners and distributors and we have a concentration ofsales to customers, and our revenue could be adversely affected if we lose or are prevented from selling to any of these endcustomers. Delaware law, provisions in our governing documents and our agreement with Microsoft could delay or prevent a change incontrol."
What is the {year1} revenue of {company_name}?,130497
What is the {year2} revenue of {company_name}?,60922
What is the {year1} total liabilities?,32274
What is the {year1} total shareholders' equity?,79327
What is the {year1} total current assets?,80126
What is the {year1} total current liabilities?,18047
What is the {year1} gross margin?,75%